{
    "soma": {
        "AP_rise_slope": 4.63902479333138, 
        "AP_half_duration": 2.352960458939614, 
        "AP_amplitude": 3.0027239872327764
    }, 
    "basal": {
        "50": {
            "APlast_rise_slope": 1.4511781084161606, 
            "APlast_half_duration": 0.23110222814659306, 
            "AP1_half_duration": 3.391361633457264, 
            "AP1_amplitude": 5.247036302576738, 
            "APlast_amplitude": 8.362317132305959, 
            "AP1_rise_slope": 2.8572604425213846
        }, 
        "20": {
            "APlast_rise_slope": 1.9396824343348882, 
            "APlast_half_duration": 1.9470915724752098, 
            "AP1_half_duration": 1.1016832815836586, 
            "AP1_amplitude": 6.086767368997856, 
            "APlast_amplitude": 10.312980805366154, 
            "AP1_rise_slope": 3.3650300903344745
        }
    }, 
    "apical": {
        "50": {
            "APlast_rise_slope": NaN, 
            "APlast_half_duration": NaN, 
            "AP1_half_duration": NaN, 
            "AP1_amplitude": NaN, 
            "APlast_amplitude": NaN, 
            "AP1_rise_slope": NaN
        }, 
        "150": {
            "APlast_rise_slope": NaN, 
            "APlast_half_duration": NaN, 
            "AP1_half_duration": NaN, 
            "AP1_amplitude": NaN, 
            "APlast_amplitude": NaN, 
            "AP1_rise_slope": NaN
        }
    }
}