{
    "decay_time_constant_after_stim.Step0.15": 2.0816372801525036, 
    "sag_ratio2.Step-0.15": 2.1633494370667434, 
    "AP_begin_voltage.Step0.3": NaN, 
    "peak_voltage.Step0.25": NaN, 
    "AP_begin_voltage.Step0.6": 7.150509908383266, 
    "time_to_first_spike.Step0.6": 9.512922043484558, 
    "sag_ratio2.Step-0.05": 1.3350591517364865, 
    "AHP_depth_from_peak.Step0.6": 0.343051065750644, 
    "voltage_base.Step-0.2": 6.314876646269981, 
    "inv_first_ISI.Step0.25": 1.2337549034180135, 
    "AHP_depth_from_peak.Step0.3": NaN, 
    "AP_amplitude_from_voltagebase.Step0.25": NaN, 
    "inv_time_to_first_spike.Step0.25": 2.6391655328798187, 
    "voltage_deflection.Step-0.25": 0.8790526094415789, 
    "steady_state_voltage_stimend.Step-0.25": 2.8648326896729395, 
    "amp_drop_first_last.Step0.6": 2.475922231827074, 
    "irregularity_index.Step0.3": NaN, 
    "sag_ratio2.Step-0.25": 1.7400483448560775, 
    "amp_drop_first_last.Step0.3": NaN, 
    "Spikecount_stimint.Step0.05": 0.0, 
    "voltage_deflection.Step-0.05": 1.1445365898890503, 
    "inv_third_ISI.Step0.15": 0.0, 
    "inv_last_ISI.Step0.05": 0.0, 
    "AP_begin_width.Step0.25": NaN, 
    "sag_ratio2.Step-0.2": 1.8791858414568303, 
    "AP_fall_rate.Step0.25": NaN, 
    "decay_time_constant_after_stim.Step-0.15": 0.9759969607305485, 
    "AP2_begin_width.Step0.6": 0.8841970569404207, 
    "AP_duration_half_width_change.Step0.3": NaN, 
    "AHP1_depth_from_peak.Step0.6": 3.4907683221962484, 
    "decay_time_constant_after_stim.Step0.6": 1.2744726608994623, 
    "voltage_after_stim.Step0.6": 6.047772408690195, 
    "AHP1_depth_from_peak.Step0.3": NaN, 
    "AP_duration_half_width_change.Step0.6": 0.472714360470206, 
    "ISI_semilog_slope.Step0.3": NaN, 
    "AP_rise_time.Step0.25": NaN, 
    "inv_fifth_ISI.Step0.6": 1.528157492755582, 
    "AP_fall_rate.Step0.3": NaN, 
    "ISI_semilog_slope.Step0.6": 2.4915295490049587, 
    "AP_fall_rate.Step0.6": 0.41488206700988756, 
    "inv_fifth_ISI.Step0.3": 1.1579941750305864, 
    "maximum_voltage_from_voltagebase.Step0.6": 0.562017887825046, 
    "amp_drop_first_second.Step0.6": 1.800274129808599, 
    "AP2_peak.Step0.3": NaN, 
    "min_voltage_between_spikes.Step0.3": NaN, 
    "amp_drop_first_second.Step0.3": NaN, 
    "maximum_voltage_from_voltagebase.Step0.3": 15.704307837687038, 
    "inv_second_ISI.Step0.25": 0.6149453128731381, 
    "AP2_peak.Step0.6": 1.4264640583535648, 
    "voltage_base.Step-0.1": 7.571994280066326, 
    "inv_last_ISI.Step0.15": 0.47275431782497307, 
    "inv_third_ISI.Step0.25": 0.48186582992970706, 
    "mean_frequency.Step0.25": NaN, 
    "amp_drop_second_last.Step0.6": 0.01200659143182207, 
    "number_initial_spikes.Step0.3": 1.6554287984562122, 
    "AP1_peak.Step0.6": 0.8170645446953493, 
    "maximum_voltage.Step0.15": 0.6302887346642009, 
    "amp_drop_second_last.Step0.3": NaN, 
    "voltage_deflection_vb_ssse.Step-0.1": 1.0745694160718722, 
    "AP1_peak.Step0.3": NaN, 
    "maximum_voltage_from_voltagebase.Step0.25": 5.3184471863212694, 
    "AHP2_depth_from_peak.Step0.6": 0.018128312779142907, 
    "inv_fifth_ISI.Step0.15": 0.0, 
    "inv_time_to_first_spike.Step0.05": 0.0, 
    "voltage_after_stim.Step-0.25": 3.809656822632721, 
    "voltage_after_stim.Step0.25": 3.3337383988144347, 
    "voltage_base.Step-0.25": 4.333444525991258, 
    "AHP2_depth_from_peak.Step0.3": NaN, 
    "Spikecount.Step0.15": 0.6081584292484766, 
    "AP_rise_time.Step0.6": 1.463765580581893, 
    "decay_time_constant_after_stim.Step-0.05": 1.0339561105101844, 
    "voltage_deflection.Step-0.1": 1.064911703853088, 
    "AP_rise_time.Step0.3": NaN, 
    "single_burst_ratio.Step0.3": NaN, 
    "time_to_first_spike.Step0.25": NaN, 
    "voltage_deflection.Step-0.15": 1.0375586219704096, 
    "voltage_deflection_begin.Step-0.2": 0.6273196157301165, 
    "inv_time_to_first_spike.Step0.15": 0.6114813515725476, 
    "inv_fourth_ISI.Step0.05": 0.0, 
    "AHP_depth.Step0.6": 0.37764439222222, 
    "AP1_peak.Step0.25": NaN, 
    "AP_duration_half_width.Step0.3": NaN, 
    "Spikecount.Step0.6": 1.1813988753396094, 
    "AHP_depth_diff.Step0.3": NaN, 
    "Spikecount.Step0.2": 1.1495762711864406, 
    "Spikecount.Step0.1": 0.44697986577181215, 
    "Spikecount_stimint.Step0.15": 0.6081584292484766, 
    "inv_first_ISI.Step0.6": 2.398708077102817, 
    "inv_first_ISI.Step0.1": 0.0, 
    "voltage_after_stim.Step-0.1": 8.866723350743431, 
    "inv_first_ISI.Step0.3": 1.5856890053318624, 
    "inv_first_ISI.Step0.2": 0.5648403844029604, 
    "voltage_deflection_vb_ssse.Step-0.2": 0.9329511647090267, 
    "voltage_after_stim.Step-0.15": 7.591124944827919, 
    "Spikecount_stimint.Step0.2": 1.1495762711864406, 
    "spike_width2.Step0.6": 2.300481849362604, 
    "ISI_log_slope_skip.Step0.6": 2.444978367467102, 
    "AP_duration_change.Step0.6": 0.07297260085295695, 
    "steady_state_voltage.Step0.1": 3.5780031796963367, 
    "steady_state_voltage.Step0.3": 4.960978576172286, 
    "ISI_log_slope_skip.Step0.3": NaN, 
    "inv_fifth_ISI.Step0.05": 0.0, 
    "inv_time_to_first_spike.Step0.6": 1.8968970358650759, 
    "AP_rise_rate.Step0.3": NaN, 
    "ISI_values.Step0.3": NaN, 
    "AHP_time_from_peak.Step0.25": NaN, 
    "AP_duration.Step0.25": NaN, 
    "voltage_base.Step0.05": 3.858451194069261, 
    "Spikecount.Step0.05": 0.0, 
    "min_AHP_values.Step0.3": NaN, 
    "AP_duration_change.Step0.3": NaN, 
    "minimum_voltage.Step-0.2": 3.082975473346077, 
    "steady_state_voltage.Step-0.1": 11.598090699058035, 
    "APlast_amp.Step0.3": NaN, 
    "maximum_voltage.Step0.2": 1.4943395484923652, 
    "AP_height.Step0.25": NaN, 
    "sag_amplitude.Step-0.05": 3.0257098414403383, 
    "sag_ratio2.Step-0.1": 1.3925759175641368, 
    "time_to_last_spike.Step0.25": 5.3036110017882, 
    "decay_time_constant_after_stim.Step-0.1": 1.1936701401109067, 
    "decay_time_constant_after_stim.Step-0.2": 1.10449179304389, 
    "steady_state_voltage.Step-0.15": 9.16470408083969, 
    "doublet_ISI.Step0.6": 7.317513852085928, 
    "AHP_depth.Step0.3": NaN, 
    "sag_ratio1.Step-0.15": 2.16334943706674, 
    "APlast_amp.Step0.6": 0.8102315480424581, 
    "doublet_ISI.Step0.3": NaN, 
    "time_to_last_spike.Step0.6": 0.7221609913051514, 
    "max_amp_difference.Step0.6": 1.8856098162757091, 
    "time_to_last_spike.Step0.3": 41.02285624760645, 
    "inv_second_ISI.Step0.05": 0.0, 
    "AP_amplitude.Step0.6": 0.6788530809477992, 
    "AP_amplitude.Step0.3": NaN, 
    "voltage_deflection_vb_ssse.Step-0.25": 0.9224553861739198, 
    "spike_half_width.Step0.25": NaN, 
    "AP2_begin_width.Step0.3": NaN, 
    "maximum_voltage_from_voltagebase.Step0.05": 2.817059662365469, 
    "AHP_depth_diff.Step0.6": 4.863975697079536, 
    "fast_AHP.Step0.3": NaN, 
    "number_initial_spikes.Step0.15": 0.0, 
    "AP_duration_half_width.Step0.25": NaN, 
    "sag_amplitude.Step-0.15": 2.06603628981261, 
    "burst_mean_freq.Step0.3": NaN, 
    "AP_begin_voltage.Step0.25": NaN, 
    "voltage_base.Step0.15": 3.495830380993234, 
    "burst_mean_freq.Step0.6": 1.2978877257495185, 
    "voltage_base.Step0.25": 3.300824175828396, 
    "AHP_depth.Step0.25": NaN, 
    "voltage_deflection_begin.Step-0.1": 0.553300084205313, 
    "Spikecount.Step0.3": 3.8031762490790517, 
    "voltage_base.Step-0.05": 8.8427009646409, 
    "AP_amplitude.Step0.25": NaN, 
    "irregularity_index.Step0.6": 2.8439603882872055, 
    "AP_duration_half_width.Step0.6": 0.03703565288849086, 
    "AHP_depth_abs.Step0.6": 3.5129926755392598, 
    "voltage_base.Step-0.15": 8.273198361060846, 
    "steady_state_voltage.Step-0.2": 9.82868653719989, 
    "AHP_depth_abs.Step0.3": NaN, 
    "AP_width.Step0.3": NaN, 
    "AHP_time_from_peak.Step0.6": 5.598200194755091, 
    "voltage_deflection_vb_ssse.Step-0.05": 1.1088340762913707, 
    "AP_width.Step0.6": 1.2646825211420765, 
    "steady_state_hyper.Step-0.2": 3.0519519998768923, 
    "steady_state_hyper.Step-0.1": 4.513578372712065,