{
    "decay_time_constant_after_stim.Step0.15": 2.8674631874147867, 
    "sag_ratio2.Step-0.15": 2.3799311309671456, 
    "AP_begin_voltage.Step0.3": NaN, 
    "peak_voltage.Step0.25": NaN, 
    "AP_begin_voltage.Step0.6": 7.155195606275466, 
    "time_to_first_spike.Step0.6": 26.147180484358056, 
    "sag_ratio2.Step-0.05": 1.3396822177751482, 
    "AHP_depth_from_peak.Step0.6": 0.25719311775712306, 
    "voltage_base.Step-0.2": 6.314876646234151, 
    "inv_first_ISI.Step0.25": 1.2337549034180135, 
    "AHP_depth_from_peak.Step0.3": NaN, 
    "AP_amplitude_from_voltagebase.Step0.25": NaN, 
    "inv_time_to_first_spike.Step0.25": 2.6391655328798187, 
    "voltage_deflection.Step-0.25": 1.651512200611412, 
    "steady_state_voltage_stimend.Step-0.25": 3.859875780048346, 
    "amp_drop_first_last.Step0.6": 2.538717538647628, 
    "irregularity_index.Step0.3": NaN, 
    "sag_ratio2.Step-0.25": 1.9726842898255108, 
    "amp_drop_first_last.Step0.3": NaN, 
    "Spikecount_stimint.Step0.05": 0.0, 
    "voltage_deflection.Step-0.05": 1.6482558004572576, 
    "inv_third_ISI.Step0.15": 0.0, 
    "inv_last_ISI.Step0.05": 0.0, 
    "AP_begin_width.Step0.25": NaN, 
    "sag_ratio2.Step-0.2": 2.233381302317161, 
    "AP_fall_rate.Step0.25": NaN, 
    "decay_time_constant_after_stim.Step-0.15": 1.4266952453526835, 
    "AP2_begin_width.Step0.6": 0.8841970569404207, 
    "AP_duration_half_width_change.Step0.3": NaN, 
    "AHP1_depth_from_peak.Step0.6": 3.6989663762505067, 
    "decay_time_constant_after_stim.Step0.6": 0.976348075152796, 
    "voltage_after_stim.Step0.6": 5.9467047411996194, 
    "AHP1_depth_from_peak.Step0.3": NaN, 
    "AP_duration_half_width_change.Step0.6": 0.6146773164050762, 
    "ISI_semilog_slope.Step0.3": NaN, 
    "AP_rise_time.Step0.25": NaN, 
    "inv_fifth_ISI.Step0.6": 1.5786787146444645, 
    "AP_fall_rate.Step0.3": NaN, 
    "ISI_semilog_slope.Step0.6": 2.531934960795645, 
    "AP_fall_rate.Step0.6": 0.31866876499234803, 
    "inv_fifth_ISI.Step0.3": 1.1579941750305864, 
    "maximum_voltage_from_voltagebase.Step0.6": 0.6419669494401424, 
    "amp_drop_first_second.Step0.6": 1.837785070336467, 
    "AP2_peak.Step0.3": NaN, 
    "min_voltage_between_spikes.Step0.3": NaN, 
    "amp_drop_first_second.Step0.3": NaN, 
    "maximum_voltage_from_voltagebase.Step0.3": 16.205894936820226, 
    "inv_second_ISI.Step0.25": 0.6149453128731381, 
    "AP2_peak.Step0.6": 1.3659202758902504, 
    "voltage_base.Step-0.1": 7.571994280023831, 
    "inv_last_ISI.Step0.15": 0.47275431782497307, 
    "inv_third_ISI.Step0.25": 0.48186582992970706, 
    "mean_frequency.Step0.25": NaN, 
    "amp_drop_second_last.Step0.6": 0.001308918862947774, 
    "number_initial_spikes.Step0.3": 1.6554287984562122, 
    "AP1_peak.Step0.6": 0.6984681402341486, 
    "maximum_voltage.Step0.15": 0.6967988967125739, 
    "amp_drop_second_last.Step0.3": NaN, 
    "voltage_deflection_vb_ssse.Step-0.1": 1.666088697158416, 
    "AP1_peak.Step0.3": NaN, 
    "maximum_voltage_from_voltagebase.Step0.25": 5.496768956233504, 
    "AHP2_depth_from_peak.Step0.6": 0.10366313749656864, 
    "inv_fifth_ISI.Step0.15": 0.0, 
    "inv_time_to_first_spike.Step0.05": 0.0, 
    "voltage_after_stim.Step-0.25": 3.8433575437649337, 
    "voltage_after_stim.Step0.25": 3.236886931951693, 
    "voltage_base.Step-0.25": 4.333444525965484, 
    "AHP2_depth_from_peak.Step0.3": NaN, 
    "Spikecount.Step0.15": 0.6081584292484766, 
    "AP_rise_time.Step0.6": 1.52936802973962, 
    "decay_time_constant_after_stim.Step-0.05": 1.3536961975973407, 
    "voltage_deflection.Step-0.1": 1.6590012102634129, 
    "AP_rise_time.Step0.3": NaN, 
    "single_burst_ratio.Step0.3": NaN, 
    "time_to_first_spike.Step0.25": NaN, 
    "voltage_deflection.Step-0.15": 1.7387278507487935, 
    "voltage_deflection_begin.Step-0.2": 1.5034840514599448, 
    "inv_time_to_first_spike.Step0.15": 0.6114813515725476, 
    "inv_fourth_ISI.Step0.05": 0.0, 
    "AHP_depth.Step0.6": 0.4754338968021434, 
    "AP1_peak.Step0.25": NaN, 
    "AP_duration_half_width.Step0.3": NaN, 
    "Spikecount.Step0.6": 1.6552726353699372, 
    "AHP_depth_diff.Step0.3": NaN, 
    "Spikecount.Step0.2": 1.1495762711864406, 
    "Spikecount.Step0.1": 0.44697986577181215, 
    "Spikecount_stimint.Step0.15": 0.6081584292484766, 
    "inv_first_ISI.Step0.6": 2.4804372568884734, 
    "inv_first_ISI.Step0.1": 0.0, 
    "voltage_after_stim.Step-0.1": 8.913861639161745, 
    "inv_first_ISI.Step0.3": 1.5856890053318624, 
    "inv_first_ISI.Step0.2": 0.5648403844029604, 
    "voltage_deflection_vb_ssse.Step-0.2": 1.6701470615731984, 
    "voltage_after_stim.Step-0.15": 7.639644784338056, 
    "Spikecount_stimint.Step0.2": 1.1495762711864406, 
    "spike_width2.Step0.6": 2.2945760183249515, 
    "ISI_log_slope_skip.Step0.6": 2.4512064132169624, 
    "AP_duration_change.Step0.6": 0.04220548830299743, 
    "steady_state_voltage.Step0.1": 3.4213458472393503, 
    "steady_state_voltage.Step0.3": 4.654569236635034, 
    "ISI_log_slope_skip.Step0.3": NaN, 
    "inv_fifth_ISI.Step0.05": 0.0, 
    "inv_time_to_first_spike.Step0.6": 2.1014150602314676, 
    "AP_rise_rate.Step0.3": NaN, 
    "ISI_values.Step0.3": NaN, 
    "AHP_time_from_peak.Step0.25": NaN, 
    "AP_duration.Step0.25": NaN, 
    "voltage_base.Step0.05": 3.858451194046868, 
    "Spikecount.Step0.05": 0.0, 
    "min_AHP_values.Step0.3": NaN, 
    "AP_duration_change.Step0.3": NaN, 
    "minimum_voltage.Step-0.2": 3.9552333159533077, 
    "steady_state_voltage.Step-0.1": 11.979271534374341, 
    "APlast_amp.Step0.3": NaN, 
    "maximum_voltage.Step0.2": 1.5629395349534485, 
    "AP_height.Step0.25": NaN, 
    "sag_amplitude.Step-0.05": 3.098186708624367, 
    "sag_ratio2.Step-0.1": 1.4551610247496891, 
    "time_to_last_spike.Step0.25": 5.3036110017882, 
    "decay_time_constant_after_stim.Step-0.1": 1.6001404054858832, 
    "decay_time_constant_after_stim.Step-0.2": 1.642166680213053, 
    "steady_state_voltage.Step-0.15": 9.604546442248216, 
    "doublet_ISI.Step0.6": 9.193137626047879, 
    "AHP_depth.Step0.3": NaN, 
    "sag_ratio1.Step-0.15": 2.379931130967145, 
    "APlast_amp.Step0.6": 0.7870495736731478, 
    "doublet_ISI.Step0.3": NaN, 
    "time_to_last_spike.Step0.6": 1.2190870576252169, 
    "max_amp_difference.Step0.6": 1.8699518174161467, 
    "time_to_last_spike.Step0.3": 41.02285624760645, 
    "inv_second_ISI.Step0.05": 0.0, 
    "AP_amplitude.Step0.6": 0.72256840320957, 
    "AP_amplitude.Step0.3": NaN, 
    "voltage_deflection_vb_ssse.Step-0.25": 1.7158778025651436, 
    "spike_half_width.Step0.25": NaN, 
    "AP2_begin_width.Step0.3": NaN, 
    "maximum_voltage_from_voltagebase.Step0.05": 3.6328815018157727, 
    "AHP_depth_diff.Step0.6": 4.683198421005897, 
    "fast_AHP.Step0.3": NaN, 
    "number_initial_spikes.Step0.15": 0.0, 
    "AP_duration_half_width.Step0.25": NaN, 
    "sag_amplitude.Step-0.15": 2.3638780644840316, 
    "burst_mean_freq.Step0.3": NaN, 
    "AP_begin_voltage.Step0.25": NaN, 
    "voltage_base.Step0.15": 3.495830380972178, 
    "burst_mean_freq.Step0.6": 1.4888604028427248, 
    "voltage_base.Step0.25": 3.3008241758087418, 
    "AHP_depth.Step0.25": NaN, 
    "voltage_deflection_begin.Step-0.1": 1.3362805158387439, 
    "Spikecount.Step0.3": 3.8031762490790517, 
    "voltage_base.Step-0.05": 8.842700964591211, 
    "AP_amplitude.Step0.25": NaN, 
    "irregularity_index.Step0.6": 2.7955974274655637, 
    "AP_duration_half_width.Step0.6": 0.25058994372838206, 
    "AHP_depth_abs.Step0.6": 3.6528125805333302, 
    "voltage_base.Step-0.15": 8.273198361014291, 
    "steady_state_voltage.Step-0.2": 10.442464601115221, 
    "AHP_depth_abs.Step0.3": NaN, 
    "AP_width.Step0.3": NaN, 
    "AHP_time_from_peak.Step0.6": 5.537758973842399, 
    "voltage_deflection_vb_ssse.Step-0.05": 1.5849295474432605, 
    "AP_width.Step0.6": 1.289156170808203, 
    "steady_state_hyper.Step-0.2": 3.9250097089952605, 
    "steady_state_hyper.Step-0.1": 5.235997819879119,