{
    "soma": {
        "AP_rise_slope": 5.007550647718384, 
        "AP_half_duration": 3.7328423915616846, 
        "AP_amplitude": 5.936310248124731
    }, 
    "basal": {
        "50": {
            "APlast_rise_slope": 1.405872541060284, 
            "APlast_half_duration": 1.591000763921397, 
            "AP1_half_duration": 0.10547413151983087, 
            "AP1_amplitude": 3.6478542957524556, 
            "APlast_amplitude": 6.441466318720457, 
            "AP1_rise_slope": 2.8266146264345253
        }, 
        "20": {
            "APlast_rise_slope": 2.0137488620189297, 
            "APlast_half_duration": 1.663442059534096, 
            "AP1_half_duration": 5.448897963361278, 
            "AP1_amplitude": 4.307848976163386, 
            "APlast_amplitude": 8.00825638589267, 
            "AP1_rise_slope": 3.330371693864465
        }
    }, 
    "apical": {
        "50": {
            "APlast_rise_slope": NaN, 
            "APlast_half_duration": NaN, 
            "AP1_half_duration": NaN, 
            "AP1_amplitude": NaN, 
            "APlast_amplitude": NaN, 
            "AP1_rise_slope": NaN
        }, 
        "150": {
            "APlast_rise_slope": NaN, 
            "APlast_half_duration": NaN, 
            "AP1_half_duration": NaN, 
            "AP1_amplitude": NaN, 
            "APlast_amplitude": NaN, 
            "AP1_rise_slope": NaN
        }
    }
}