{
    "soma": {
        "AP_rise_slope": 4.462827742149314, 
        "AP_half_duration": 2.161789509573523, 
        "AP_amplitude": 3.569792221634995
    }, 
    "basal": {
        "50": {
            "APlast_rise_slope": 0.7958710611509108, 
            "APlast_half_duration": 1.8432919474380107, 
            "AP1_half_duration": 0.5040818108685625, 
            "AP1_amplitude": 3.4246107148826956, 
            "APlast_amplitude": 6.444643621489873, 
            "AP1_rise_slope": 2.3220346918582275
        }, 
        "20": {
            "APlast_rise_slope": 0.922642030448366, 
            "APlast_half_duration": 0.9517304911937294, 
            "AP1_half_duration": 0.8262977569053499, 
            "AP1_amplitude": 3.906009744811632, 
            "APlast_amplitude": 7.555779602370897, 
            "AP1_rise_slope": 2.588372664573017
        }
    }, 
    "apical": {
        "50": {
            "APlast_rise_slope": NaN, 
            "APlast_half_duration": NaN, 
            "AP1_half_duration": NaN, 
            "AP1_amplitude": NaN, 
            "APlast_amplitude": NaN, 
            "AP1_rise_slope": NaN
        }, 
        "150": {
            "APlast_rise_slope": NaN, 
            "APlast_half_duration": NaN, 
            "AP1_half_duration": NaN, 
            "AP1_amplitude": NaN, 
            "APlast_amplitude": NaN, 
            "AP1_rise_slope": NaN
        }
    }
}