{
    "soma": {
        "AP_rise_slope": 4.483033816025466, 
        "AP_half_duration": 2.133031640917769, 
        "AP_amplitude": 2.8620071486299397
    }, 
    "basal": {
        "50": {
            "APlast_rise_slope": 0.7819985023318797, 
            "APlast_half_duration": 1.4041184057602254, 
            "AP1_half_duration": 0.3054846751160227, 
            "AP1_amplitude": 3.0921899618944306, 
            "APlast_amplitude": 6.091057387970092, 
            "AP1_rise_slope": 2.31184826976264
        }, 
        "20": {
            "APlast_rise_slope": 0.792198501572101, 
            "APlast_half_duration": 1.9470915724753046, 
            "AP1_half_duration": 1.2838547182912814, 
            "AP1_amplitude": 3.6528170133771267, 
            "APlast_amplitude": 7.232744253873856, 
            "AP1_rise_slope": 2.5088797944827177
        }
    }, 
    "apical": {
        "50": {
            "APlast_rise_slope": NaN, 
            "APlast_half_duration": NaN, 
            "AP1_half_duration": NaN, 
            "AP1_amplitude": NaN, 
            "APlast_amplitude": NaN, 
            "AP1_rise_slope": NaN
        }, 
        "150": {
            "APlast_rise_slope": NaN, 
            "APlast_half_duration": NaN, 
            "AP1_half_duration": NaN, 
            "AP1_amplitude": NaN, 
            "APlast_amplitude": NaN, 
            "AP1_rise_slope": NaN
        }
    }
}