{
    "soma": {
        "AP_rise_slope": 4.650495025963224, 
        "AP_half_duration": 2.5738633009526772, 
        "AP_amplitude": 2.6044893970894685
    }, 
    "basal": {
        "50": {
            "APlast_rise_slope": 1.2525453100365325, 
            "APlast_half_duration": 0.41364190750804786, 
            "AP1_half_duration": 2.162725437080659, 
            "AP1_amplitude": 4.571125786324711, 
            "APlast_amplitude": 7.654758876373643, 
            "AP1_rise_slope": 2.689391016955881
        }, 
        "20": {
            "APlast_rise_slope": 1.9625608859742254, 
            "APlast_half_duration": 1.3331862349183305, 
            "AP1_half_duration": 0.18869772842866994, 
            "AP1_amplitude": 5.698304438689161, 
            "APlast_amplitude": 9.69820676049952, 
            "AP1_rise_slope": 3.3691144966995683
        }
    }, 
    "apical": {
        "50": {
            "APlast_rise_slope": NaN, 
            "APlast_half_duration": NaN, 
            "AP1_half_duration": NaN, 
            "AP1_amplitude": NaN, 
            "APlast_amplitude": NaN, 
            "AP1_rise_slope": NaN
        }, 
        "150": {
            "APlast_rise_slope": NaN, 
            "APlast_half_duration": NaN, 
            "AP1_half_duration": NaN, 
            "AP1_amplitude": NaN, 
            "APlast_amplitude": NaN, 
            "AP1_rise_slope": NaN
        }
    }
}